timeStamp,word,hot,href
2023-06-08 15:24,鼠头鸭脖食堂意见反馈群曝光,1561196,https://m.weibo.cn/p/index?containerid=231522type%3D60%26q%3D%23鼠头鸭脖食堂意见反馈群曝光%23%26t%3D0&title=热门-
2023-06-08 15:24,柯以敏直播大怒,1211166,https://m.weibo.cn/p/index?containerid=231522type%3D60%26q%3D%23柯以敏直播大怒%23%26t%3D0&title=热门-
2023-06-08 15:24,高考第二天,954485,https://m.weibo.cn/p/index?containerid=231522type%3D60%26q%3D%23高考第二天%23%26t%3D0&title=热门-
2023-06-08 15:24,TFBOYS十周年演唱会招商PPT,951897,https://m.weibo.cn/p/index?containerid=231522type%3D60%26q%3D%23TFBOYS十周年演唱会招商PPT%23%26t%3D0&title=热门-
2023-06-08 15:24,河南考生吐槽统一配备文具不好用,893501,https://m.weibo.cn/p/index?containerid=231522type%3D60%26q%3D%23河南考生吐槽统一配备文具不好用%23%26t%3D0&title=热门-
2023-06-08 15:24,成都太古里明确禁止未经允许街拍,875482,https://m.weibo.cn/p/index?containerid=231522type%3D60%26q%3D%23成都太古里明确禁止未经允许街拍%23%26t%3D0&title=热门-
2023-06-08 15:24,董某某被停职,862334,https://m.weibo.cn/p/index?containerid=231522type%3D60%26q%3D%23董某某被停职%23%26t%3D0&title=热门-
2023-06-08 15:24,中国石油大学回应,857736,https://m.weibo.cn/p/index?containerid=231522type%3D60%26q%3D%23中国石油大学回应%23%26t%3D0&title=热门-
2023-06-08 15:24,中国电信,829080,https://m.weibo.cn/p/index?containerid=231522type%3D60%26q%3D%23中国电信%23%26t%3D0&title=热门-
2023-06-08 15:24,长得还行迪丽热巴,825975,https://m.weibo.cn/p/index?containerid=231522type%3D60%26q%3D%23长得还行迪丽热巴%23%26t%3D0&title=热门-
2023-06-08 15:24,宿管多次强奸学生聋哑母亲获刑4年,822818,https://m.weibo.cn/p/index?containerid=231522type%3D60%26q%3D%23宿管多次强奸学生聋哑母亲获刑4年%23%26t%3D0&title=热门-
2023-06-08 15:24,Lisa露额头,784962,https://m.weibo.cn/p/index?containerid=231522type%3D60%26q%3D%23Lisa露额头%23%26t%3D0&title=热门-
2023-06-08 15:24,王润泽和奶奶,717699,https://m.weibo.cn/p/index?containerid=231522type%3D60%26q%3D%23王润泽和奶奶%23%26t%3D0&title=热门-
2023-06-08 15:24,高考,640378,https://m.weibo.cn/p/index?containerid=231522type%3D60%26q%3D%23高考%23%26t%3D0&title=热门-
2023-06-08 15:24,高考考生两天两次获民警救助,621604,https://m.weibo.cn/p/index?containerid=231522type%3D60%26q%3D%23高考考生两天两次获民警救助%23%26t%3D0&title=热门-
2023-06-08 15:24,网友偶遇宋仲基和妻子牵手逛街,612681,https://m.weibo.cn/p/index?containerid=231522type%3D60%26q%3D%23网友偶遇宋仲基和妻子牵手逛街%23%26t%3D0&title=热门-
2023-06-08 15:24,高考历史,563692,https://m.weibo.cn/p/index?containerid=231522type%3D60%26q%3D%23高考历史%23%26t%3D0&title=热门-
2023-06-08 15:24,都来杜去,543175,https://m.weibo.cn/p/index?containerid=231522type%3D60%26q%3D%23都来杜去%23%26t%3D0&title=热门-
2023-06-08 15:24,庆余年2,530049,https://m.weibo.cn/p/index?containerid=231522type%3D60%26q%3D%23庆余年2%23%26t%3D0&title=热门-
2023-06-08 15:24,虞书欣直播手势,402770,https://m.weibo.cn/p/index?containerid=231522type%3D60%26q%3D%23虞书欣直播手势%23%26t%3D0&title=热门-
2023-06-08 15:24,太古里,384475,https://m.weibo.cn/p/index?containerid=231522type%3D60%26q%3D%23太古里%23%26t%3D0&title=热门-
2023-06-08 15:24,杨紫黑长直封面大片,310257,https://m.weibo.cn/p/index?containerid=231522type%3D60%26q%3D%23杨紫黑长直封面大片%23%26t%3D0&title=热门-
2023-06-08 15:24,高考完了可以翻翻大学生的微博,307901,https://m.weibo.cn/p/index?containerid=231522type%3D60%26q%3D%23高考完了可以翻翻大学生的微博%23%26t%3D0&title=热门-
2023-06-08 15:24,牵手胡某勇女子同款裙子销量激增,307766,https://m.weibo.cn/p/index?containerid=231522type%3D60%26q%3D%23牵手胡某勇女子同款裙子销量激增%23%26t%3D0&title=热门-
2023-06-08 15:24,复旦研究生嫖娼被开除起诉学校被驳,306419,https://m.weibo.cn/p/index?containerid=231522type%3D60%26q%3D%23复旦研究生嫖娼被开除起诉学校被驳%23%26t%3D0&title=热门-
2023-06-08 15:24,巴厘岛命案,297362,https://m.weibo.cn/p/index?containerid=231522type%3D60%26q%3D%23巴厘岛命案%23%26t%3D0&title=热门-
2023-06-08 15:24,牵手门女主曾晒账单消费超240万,294182,https://m.weibo.cn/p/index?containerid=231522type%3D60%26q%3D%23牵手门女主曾晒账单消费超240万%23%26t%3D0&title=热门-
2023-06-08 15:24,吴建豪工作室态度,263705,https://m.weibo.cn/p/index?containerid=231522type%3D60%26q%3D%23吴建豪工作室态度%23%26t%3D0&title=热门-
2023-06-08 15:24,高考物理,235221,https://m.weibo.cn/p/index?containerid=231522type%3D60%26q%3D%23高考物理%23%26t%3D0&title=热门-
2023-06-08 15:24,金毛误入考场被民警请出,234137,https://m.weibo.cn/p/index?containerid=231522type%3D60%26q%3D%23金毛误入考场被民警请出%23%26t%3D0&title=热门-
2023-06-08 15:24,SMTOWN注销将太郎ins,233347,https://m.weibo.cn/p/index?containerid=231522type%3D60%26q%3D%23SMTOWN注销将太郎ins%23%26t%3D0&title=热门-
2023-06-08 15:24,易烊千玺官宣微博电影之夜,216157,https://m.weibo.cn/p/index?containerid=231522type%3D60%26q%3D%23易烊千玺官宣微博电影之夜%23%26t%3D0&title=热门-
2023-06-08 15:24,官方回应江西考生迟到37分进考场,207358,https://m.weibo.cn/p/index?containerid=231522type%3D60%26q%3D%23官方回应江西考生迟到37分进考场%23%26t%3D0&title=热门-
2023-06-08 15:24,迪丽热巴评论陈紫函,192465,https://m.weibo.cn/p/index?containerid=231522type%3D60%26q%3D%23迪丽热巴评论陈紫函%23%26t%3D0&title=热门-
2023-06-08 15:24,街拍究竟在拍什么,192450,https://m.weibo.cn/p/index?containerid=231522type%3D60%26q%3D%23街拍究竟在拍什么%23%26t%3D0&title=热门-
2023-06-08 15:24,张艺兴起诉B站侵权,186929,https://m.weibo.cn/p/index?containerid=231522type%3D60%26q%3D%23张艺兴起诉B站侵权%23%26t%3D0&title=热门-
2023-06-08 15:24,肖春生退伍,184293,https://m.weibo.cn/p/index?containerid=231522type%3D60%26q%3D%23肖春生退伍%23%26t%3D0&title=热门-
2023-06-08 15:24,高考生睡过头外卖小哥将其送到考场,178617,https://m.weibo.cn/p/index?containerid=231522type%3D60%26q%3D%23高考生睡过头外卖小哥将其送到考场%23%26t%3D0&title=热门-
2023-06-08 15:24,7月kpop的回归阵容,176230,https://m.weibo.cn/p/index?containerid=231522type%3D60%26q%3D%237月kpop的回归阵容%23%26t%3D0&title=热门-
2023-06-08 15:24,张艺兴让粉丝投票选应援棒,174692,https://m.weibo.cn/p/index?containerid=231522type%3D60%26q%3D%23张艺兴让粉丝投票选应援棒%23%26t%3D0&title=热门-
2023-06-08 15:24,周深和曾毅都沉默了,169527,https://m.weibo.cn/p/index?containerid=231522type%3D60%26q%3D%23周深和曾毅都沉默了%23%26t%3D0&title=热门-
2023-06-08 15:24,摄影师是立功了还是该担责,167555,https://m.weibo.cn/p/index?containerid=231522type%3D60%26q%3D%23摄影师是立功了还是该担责%23%26t%3D0&title=热门-
2023-06-08 15:24,朴彩英Lisa大阪街头随拍,159930,https://m.weibo.cn/p/index?containerid=231522type%3D60%26q%3D%23朴彩英Lisa大阪街头随拍%23%26t%3D0&title=热门-
2023-06-08 15:24,胡锡进 这个人不知让什么冲昏了头脑,158885,https://m.weibo.cn/p/index?containerid=231522type%3D60%26q%3D%23胡锡进 这个人不知让什么冲昏了头脑%23%26t%3D0&title=热门-
2023-06-08 15:24,EXO将拍摄团综,156102,https://m.weibo.cn/p/index?containerid=231522type%3D60%26q%3D%23EXO将拍摄团综%23%26t%3D0&title=热门-
2023-06-08 15:24,高考700分和存款700万你要哪个,144476,https://m.weibo.cn/p/index?containerid=231522type%3D60%26q%3D%23高考700分和存款700万你要哪个%23%26t%3D0&title=热门-
2023-06-08 15:24,考点执勤多年终于当上了陪考家长,139644,https://m.weibo.cn/p/index?containerid=231522type%3D60%26q%3D%23考点执勤多年终于当上了陪考家长%23%26t%3D0&title=热门-
2023-06-08 15:24,梅西中国行门票,137480,https://m.weibo.cn/p/index?containerid=231522type%3D60%26q%3D%23梅西中国行门票%23%26t%3D0&title=热门-
2023-06-08 15:24,江苏人真的奶茶拌饭吃吗,136460,https://m.weibo.cn/p/index?containerid=231522type%3D60%26q%3D%23江苏人真的奶茶拌饭吃吗%23%26t%3D0&title=热门-
2023-06-08 15:24,阿根廷国家队教练组抵达北京,136400,https://m.weibo.cn/p/index?containerid=231522type%3D60%26q%3D%23阿根廷国家队教练组抵达北京%23%26t%3D0&title=热门-
