word,href,trend,timeStamp
鼠头鸭脖食堂意见反馈群曝光,https://m.weibo.cn/p/index?containerid=231522type%3D60%26q%3D%23鼠头鸭脖食堂意见反馈群曝光%23%26t%3D0&title=热门-,https://m.s.weibo.com/ajax_topic/trend?q=%23鼠头鸭脖食堂意见反馈群曝光%23,2023-06-08 15:24
柯以敏直播大怒,https://m.weibo.cn/p/index?containerid=231522type%3D60%26q%3D%23柯以敏直播大怒%23%26t%3D0&title=热门-,https://m.s.weibo.com/ajax_topic/trend?q=%23柯以敏直播大怒%23,2023-06-08 15:24
高考第二天,https://m.weibo.cn/p/index?containerid=231522type%3D60%26q%3D%23高考第二天%23%26t%3D0&title=热门-,https://m.s.weibo.com/ajax_topic/trend?q=%23高考第二天%23,2023-06-08 15:24
TFBOYS十周年演唱会招商PPT,https://m.weibo.cn/p/index?containerid=231522type%3D60%26q%3D%23TFBOYS十周年演唱会招商PPT%23%26t%3D0&title=热门-,https://m.s.weibo.com/ajax_topic/trend?q=%23TFBOYS十周年演唱会招商PPT%23,2023-06-08 15:24
河南考生吐槽统一配备文具不好用,https://m.weibo.cn/p/index?containerid=231522type%3D60%26q%3D%23河南考生吐槽统一配备文具不好用%23%26t%3D0&title=热门-,https://m.s.weibo.com/ajax_topic/trend?q=%23河南考生吐槽统一配备文具不好用%23,2023-06-08 15:24
成都太古里明确禁止未经允许街拍,https://m.weibo.cn/p/index?containerid=231522type%3D60%26q%3D%23成都太古里明确禁止未经允许街拍%23%26t%3D0&title=热门-,https://m.s.weibo.com/ajax_topic/trend?q=%23成都太古里明确禁止未经允许街拍%23,2023-06-08 15:24
董某某被停职,https://m.weibo.cn/p/index?containerid=231522type%3D60%26q%3D%23董某某被停职%23%26t%3D0&title=热门-,https://m.s.weibo.com/ajax_topic/trend?q=%23董某某被停职%23,2023-06-08 15:24
中国石油大学回应,https://m.weibo.cn/p/index?containerid=231522type%3D60%26q%3D%23中国石油大学回应%23%26t%3D0&title=热门-,https://m.s.weibo.com/ajax_topic/trend?q=%23中国石油大学回应%23,2023-06-08 15:24
中国电信,https://m.weibo.cn/p/index?containerid=231522type%3D60%26q%3D%23中国电信%23%26t%3D0&title=热门-,https://m.s.weibo.com/ajax_topic/trend?q=%23中国电信%23,2023-06-08 15:24
长得还行迪丽热巴,https://m.weibo.cn/p/index?containerid=231522type%3D60%26q%3D%23长得还行迪丽热巴%23%26t%3D0&title=热门-,https://m.s.weibo.com/ajax_topic/trend?q=%23长得还行迪丽热巴%23,2023-06-08 15:24
宿管多次强奸学生聋哑母亲获刑4年,https://m.weibo.cn/p/index?containerid=231522type%3D60%26q%3D%23宿管多次强奸学生聋哑母亲获刑4年%23%26t%3D0&title=热门-,https://m.s.weibo.com/ajax_topic/trend?q=%23宿管多次强奸学生聋哑母亲获刑4年%23,2023-06-08 15:24
Lisa露额头,https://m.weibo.cn/p/index?containerid=231522type%3D60%26q%3D%23Lisa露额头%23%26t%3D0&title=热门-,https://m.s.weibo.com/ajax_topic/trend?q=%23Lisa露额头%23,2023-06-08 15:24
王润泽和奶奶,https://m.weibo.cn/p/index?containerid=231522type%3D60%26q%3D%23王润泽和奶奶%23%26t%3D0&title=热门-,https://m.s.weibo.com/ajax_topic/trend?q=%23王润泽和奶奶%23,2023-06-08 15:24
高考,https://m.weibo.cn/p/index?containerid=231522type%3D60%26q%3D%23高考%23%26t%3D0&title=热门-,https://m.s.weibo.com/ajax_topic/trend?q=%23高考%23,2023-06-08 15:24
高考考生两天两次获民警救助,https://m.weibo.cn/p/index?containerid=231522type%3D60%26q%3D%23高考考生两天两次获民警救助%23%26t%3D0&title=热门-,https://m.s.weibo.com/ajax_topic/trend?q=%23高考考生两天两次获民警救助%23,2023-06-08 15:24
网友偶遇宋仲基和妻子牵手逛街,https://m.weibo.cn/p/index?containerid=231522type%3D60%26q%3D%23网友偶遇宋仲基和妻子牵手逛街%23%26t%3D0&title=热门-,https://m.s.weibo.com/ajax_topic/trend?q=%23网友偶遇宋仲基和妻子牵手逛街%23,2023-06-08 15:24
高考历史,https://m.weibo.cn/p/index?containerid=231522type%3D60%26q%3D%23高考历史%23%26t%3D0&title=热门-,https://m.s.weibo.com/ajax_topic/trend?q=%23高考历史%23,2023-06-08 15:24
都来杜去,https://m.weibo.cn/p/index?containerid=231522type%3D60%26q%3D%23都来杜去%23%26t%3D0&title=热门-,https://m.s.weibo.com/ajax_topic/trend?q=%23都来杜去%23,2023-06-08 15:24
庆余年2,https://m.weibo.cn/p/index?containerid=231522type%3D60%26q%3D%23庆余年2%23%26t%3D0&title=热门-,https://m.s.weibo.com/ajax_topic/trend?q=%23庆余年2%23,2023-06-08 15:24
虞书欣直播手势,https://m.weibo.cn/p/index?containerid=231522type%3D60%26q%3D%23虞书欣直播手势%23%26t%3D0&title=热门-,https://m.s.weibo.com/ajax_topic/trend?q=%23虞书欣直播手势%23,2023-06-08 15:24
太古里,https://m.weibo.cn/p/index?containerid=231522type%3D60%26q%3D%23太古里%23%26t%3D0&title=热门-,https://m.s.weibo.com/ajax_topic/trend?q=%23太古里%23,2023-06-08 15:24
杨紫黑长直封面大片,https://m.weibo.cn/p/index?containerid=231522type%3D60%26q%3D%23杨紫黑长直封面大片%23%26t%3D0&title=热门-,https://m.s.weibo.com/ajax_topic/trend?q=%23杨紫黑长直封面大片%23,2023-06-08 15:24
高考完了可以翻翻大学生的微博,https://m.weibo.cn/p/index?containerid=231522type%3D60%26q%3D%23高考完了可以翻翻大学生的微博%23%26t%3D0&title=热门-,https://m.s.weibo.com/ajax_topic/trend?q=%23高考完了可以翻翻大学生的微博%23,2023-06-08 15:24
牵手胡某勇女子同款裙子销量激增,https://m.weibo.cn/p/index?containerid=231522type%3D60%26q%3D%23牵手胡某勇女子同款裙子销量激增%23%26t%3D0&title=热门-,https://m.s.weibo.com/ajax_topic/trend?q=%23牵手胡某勇女子同款裙子销量激增%23,2023-06-08 15:24
复旦研究生嫖娼被开除起诉学校被驳,https://m.weibo.cn/p/index?containerid=231522type%3D60%26q%3D%23复旦研究生嫖娼被开除起诉学校被驳%23%26t%3D0&title=热门-,https://m.s.weibo.com/ajax_topic/trend?q=%23复旦研究生嫖娼被开除起诉学校被驳%23,2023-06-08 15:24
巴厘岛命案,https://m.weibo.cn/p/index?containerid=231522type%3D60%26q%3D%23巴厘岛命案%23%26t%3D0&title=热门-,https://m.s.weibo.com/ajax_topic/trend?q=%23巴厘岛命案%23,2023-06-08 15:24
牵手门女主曾晒账单消费超240万,https://m.weibo.cn/p/index?containerid=231522type%3D60%26q%3D%23牵手门女主曾晒账单消费超240万%23%26t%3D0&title=热门-,https://m.s.weibo.com/ajax_topic/trend?q=%23牵手门女主曾晒账单消费超240万%23,2023-06-08 15:24
吴建豪工作室态度,https://m.weibo.cn/p/index?containerid=231522type%3D60%26q%3D%23吴建豪工作室态度%23%26t%3D0&title=热门-,https://m.s.weibo.com/ajax_topic/trend?q=%23吴建豪工作室态度%23,2023-06-08 15:24
高考物理,https://m.weibo.cn/p/index?containerid=231522type%3D60%26q%3D%23高考物理%23%26t%3D0&title=热门-,https://m.s.weibo.com/ajax_topic/trend?q=%23高考物理%23,2023-06-08 15:24
金毛误入考场被民警请出,https://m.weibo.cn/p/index?containerid=231522type%3D60%26q%3D%23金毛误入考场被民警请出%23%26t%3D0&title=热门-,https://m.s.weibo.com/ajax_topic/trend?q=%23金毛误入考场被民警请出%23,2023-06-08 15:24
SMTOWN注销将太郎ins,https://m.weibo.cn/p/index?containerid=231522type%3D60%26q%3D%23SMTOWN注销将太郎ins%23%26t%3D0&title=热门-,https://m.s.weibo.com/ajax_topic/trend?q=%23SMTOWN注销将太郎ins%23,2023-06-08 15:24
易烊千玺官宣微博电影之夜,https://m.weibo.cn/p/index?containerid=231522type%3D60%26q%3D%23易烊千玺官宣微博电影之夜%23%26t%3D0&title=热门-,https://m.s.weibo.com/ajax_topic/trend?q=%23易烊千玺官宣微博电影之夜%23,2023-06-08 15:24
官方回应江西考生迟到37分进考场,https://m.weibo.cn/p/index?containerid=231522type%3D60%26q%3D%23官方回应江西考生迟到37分进考场%23%26t%3D0&title=热门-,https://m.s.weibo.com/ajax_topic/trend?q=%23官方回应江西考生迟到37分进考场%23,2023-06-08 15:24
迪丽热巴评论陈紫函,https://m.weibo.cn/p/index?containerid=231522type%3D60%26q%3D%23迪丽热巴评论陈紫函%23%26t%3D0&title=热门-,https://m.s.weibo.com/ajax_topic/trend?q=%23迪丽热巴评论陈紫函%23,2023-06-08 15:24
街拍究竟在拍什么,https://m.weibo.cn/p/index?containerid=231522type%3D60%26q%3D%23街拍究竟在拍什么%23%26t%3D0&title=热门-,https://m.s.weibo.com/ajax_topic/trend?q=%23街拍究竟在拍什么%23,2023-06-08 15:24
张艺兴起诉B站侵权,https://m.weibo.cn/p/index?containerid=231522type%3D60%26q%3D%23张艺兴起诉B站侵权%23%26t%3D0&title=热门-,https://m.s.weibo.com/ajax_topic/trend?q=%23张艺兴起诉B站侵权%23,2023-06-08 15:24
肖春生退伍,https://m.weibo.cn/p/index?containerid=231522type%3D60%26q%3D%23肖春生退伍%23%26t%3D0&title=热门-,https://m.s.weibo.com/ajax_topic/trend?q=%23肖春生退伍%23,2023-06-08 15:24
高考生睡过头外卖小哥将其送到考场,https://m.weibo.cn/p/index?containerid=231522type%3D60%26q%3D%23高考生睡过头外卖小哥将其送到考场%23%26t%3D0&title=热门-,https://m.s.weibo.com/ajax_topic/trend?q=%23高考生睡过头外卖小哥将其送到考场%23,2023-06-08 15:24
7月kpop的回归阵容,https://m.weibo.cn/p/index?containerid=231522type%3D60%26q%3D%237月kpop的回归阵容%23%26t%3D0&title=热门-,https://m.s.weibo.com/ajax_topic/trend?q=%237月kpop的回归阵容%23,2023-06-08 15:24
张艺兴让粉丝投票选应援棒,https://m.weibo.cn/p/index?containerid=231522type%3D60%26q%3D%23张艺兴让粉丝投票选应援棒%23%26t%3D0&title=热门-,https://m.s.weibo.com/ajax_topic/trend?q=%23张艺兴让粉丝投票选应援棒%23,2023-06-08 15:24
周深和曾毅都沉默了,https://m.weibo.cn/p/index?containerid=231522type%3D60%26q%3D%23周深和曾毅都沉默了%23%26t%3D0&title=热门-,https://m.s.weibo.com/ajax_topic/trend?q=%23周深和曾毅都沉默了%23,2023-06-08 15:24
摄影师是立功了还是该担责,https://m.weibo.cn/p/index?containerid=231522type%3D60%26q%3D%23摄影师是立功了还是该担责%23%26t%3D0&title=热门-,https://m.s.weibo.com/ajax_topic/trend?q=%23摄影师是立功了还是该担责%23,2023-06-08 15:24
朴彩英Lisa大阪街头随拍,https://m.weibo.cn/p/index?containerid=231522type%3D60%26q%3D%23朴彩英Lisa大阪街头随拍%23%26t%3D0&title=热门-,https://m.s.weibo.com/ajax_topic/trend?q=%23朴彩英Lisa大阪街头随拍%23,2023-06-08 15:24
胡锡进 这个人不知让什么冲昏了头脑,https://m.weibo.cn/p/index?containerid=231522type%3D60%26q%3D%23胡锡进 这个人不知让什么冲昏了头脑%23%26t%3D0&title=热门-,https://m.s.weibo.com/ajax_topic/trend?q=%23胡锡进 这个人不知让什么冲昏了头脑%23,2023-06-08 15:24
EXO将拍摄团综,https://m.weibo.cn/p/index?containerid=231522type%3D60%26q%3D%23EXO将拍摄团综%23%26t%3D0&title=热门-,https://m.s.weibo.com/ajax_topic/trend?q=%23EXO将拍摄团综%23,2023-06-08 15:24
高考700分和存款700万你要哪个,https://m.weibo.cn/p/index?containerid=231522type%3D60%26q%3D%23高考700分和存款700万你要哪个%23%26t%3D0&title=热门-,https://m.s.weibo.com/ajax_topic/trend?q=%23高考700分和存款700万你要哪个%23,2023-06-08 15:24
考点执勤多年终于当上了陪考家长,https://m.weibo.cn/p/index?containerid=231522type%3D60%26q%3D%23考点执勤多年终于当上了陪考家长%23%26t%3D0&title=热门-,https://m.s.weibo.com/ajax_topic/trend?q=%23考点执勤多年终于当上了陪考家长%23,2023-06-08 15:24
梅西中国行门票,https://m.weibo.cn/p/index?containerid=231522type%3D60%26q%3D%23梅西中国行门票%23%26t%3D0&title=热门-,https://m.s.weibo.com/ajax_topic/trend?q=%23梅西中国行门票%23,2023-06-08 15:24
江苏人真的奶茶拌饭吃吗,https://m.weibo.cn/p/index?containerid=231522type%3D60%26q%3D%23江苏人真的奶茶拌饭吃吗%23%26t%3D0&title=热门-,https://m.s.weibo.com/ajax_topic/trend?q=%23江苏人真的奶茶拌饭吃吗%23,2023-06-08 15:24
阿根廷国家队教练组抵达北京,https://m.weibo.cn/p/index?containerid=231522type%3D60%26q%3D%23阿根廷国家队教练组抵达北京%23%26t%3D0&title=热门-,https://m.s.weibo.com/ajax_topic/trend?q=%23阿根廷国家队教练组抵达北京%23,2023-06-08 15:24
