word,summary,read,mention,href,link,time_stamp
高考填志愿你会选汽车专业吗,今天是2023年 #高考# 的第一天，祝愿1291万参加高考的同学发挥出色、圆梦今夏、金榜题名！同时小编也想了解一下，各位同学填志愿的方向是什么？,30136666,1933,https://m.weibo.cn/api/container/getIndex?containerid=231522type%3D1%26q%3D%23高考填志愿你会选汽车专业吗%23%26t%3D10&title=%E7%83%AD%E9%97%A8-%23高考填志愿你会选汽车专业吗%23,https://s.weibo.com/weibo?q=%23高考填志愿你会选汽车专业吗%23,2023-06-08 15:24
为什么喜欢肖春生,来说一说你为什么喜欢肖春生,981067,1181,https://m.weibo.cn/api/container/getIndex?containerid=231522type%3D1%26q%3D%23为什么喜欢肖春生%23%26t%3D10&title=%E7%83%AD%E9%97%A8-%23为什么喜欢肖春生%23,https://s.weibo.com/weibo?q=%23为什么喜欢肖春生%23,2023-06-08 15:24
你当年选了文科还是理科,今天是高考第二天。刚刚，一些省份的高考历史和高考物理都结束了。祝考生们都能取得好成绩！  ​​​,10531025,328,https://m.weibo.cn/api/container/getIndex?containerid=231522type%3D1%26q%3D%23你当年选了文科还是理科%23%26t%3D10&title=%E7%83%AD%E9%97%A8-%23你当年选了文科还是理科%23,https://s.weibo.com/weibo?q=%23你当年选了文科还是理科%23,2023-06-08 15:24
中石油胡继勇事件是否存权色交易,国企领导与女子牵手逛街后被免职，这不只是桃色新闻,66503278,6121,https://m.weibo.cn/api/container/getIndex?containerid=231522type%3D1%26q%3D%23中石油胡继勇事件是否存权色交易%23%26t%3D10&title=%E7%83%AD%E9%97%A8-%23中石油胡继勇事件是否存权色交易%23,https://s.weibo.com/weibo?q=%23中石油胡继勇事件是否存权色交易%23,2023-06-08 15:24
如果丧尸爆发你觉得哪里最安全,如果丧尸爆发你觉得哪里最安全,89720694,3431,https://m.weibo.cn/api/container/getIndex?containerid=231522type%3D1%26q%3D%23如果丧尸爆发你觉得哪里最安全%23%26t%3D10&title=%E7%83%AD%E9%97%A8-%23如果丧尸爆发你觉得哪里最安全%23,https://s.weibo.com/weibo?q=%23如果丧尸爆发你觉得哪里最安全%23,2023-06-08 15:24
街拍究竟在拍什么,胡某勇与董某某逛街视频引发热议。而成都太古里、北京太古里等地，是不少人眼中的网红打卡地，在这里街拍的人不在少数。每每经过这里，野生摄影师的长枪短炮都让人亚历山大。许多网友可能会疑惑，街拍究竟怎么拍？是摆拍还是抓拍？,10803963,663,https://m.weibo.cn/api/container/getIndex?containerid=231522type%3D1%26q%3D%23街拍究竟在拍什么%23%26t%3D10&title=%E7%83%AD%E9%97%A8-%23街拍究竟在拍什么%23,https://s.weibo.com/weibo?q=%23街拍究竟在拍什么%23,2023-06-08 15:24
你认为高考还能改变命运吗,又是一年高考季，近日，沸点视频在北京街头，和大家聊聊你认为高考还能改变命运吗，没有上过一天学的北漂老奶奶说她希望孙女能上大学，人生顺利；参加过全国第一次高考的清洁工师傅说，高考是分水岭能改变你的一生；在大厂工作的年轻人说，对于一线城市来说，高考不是唯一的途径……高考改变了你的人生吗？欢迎在评论区分享。,4670763,360,https://m.weibo.cn/api/container/getIndex?containerid=231522type%3D1%26q%3D%23你认为高考还能改变命运吗%23%26t%3D10&title=%E7%83%AD%E9%97%A8-%23你认为高考还能改变命运吗%23,https://s.weibo.com/weibo?q=%23你认为高考还能改变命运吗%23,2023-06-08 15:24
被父母催婚应该怎么回复,欢迎带话题分享你的故事,1740256,1594,https://m.weibo.cn/api/container/getIndex?containerid=231522type%3D1%26q%3D%23被父母催婚应该怎么回复%23%26t%3D10&title=%E7%83%AD%E9%97%A8-%23被父母催婚应该怎么回复%23,https://s.weibo.com/weibo?q=%23被父母催婚应该怎么回复%23,2023-06-08 15:24
你愿意为了工作放弃头发吗,你愿意为了工作放弃头发吗,833015,256,https://m.weibo.cn/api/container/getIndex?containerid=231522type%3D1%26q%3D%23你愿意为了工作放弃头发吗%23%26t%3D10&title=%E7%83%AD%E9%97%A8-%23你愿意为了工作放弃头发吗%23,https://s.weibo.com/weibo?q=%23你愿意为了工作放弃头发吗%23,2023-06-08 15:24
如何看待董某某私人照片被爆出,近日，国企领导与异性牵手逛街被拍引发舆论关注，众多疑似当事女子董某某的私人照片在网络流传，你如何看待董某某私人照被爆出？ ​​​,4029192,108,https://m.weibo.cn/api/container/getIndex?containerid=231522type%3D1%26q%3D%23如何看待董某某私人照片被爆出%23%26t%3D10&title=%E7%83%AD%E9%97%A8-%23如何看待董某某私人照片被爆出%23,https://s.weibo.com/weibo?q=%23如何看待董某某私人照片被爆出%23,2023-06-08 15:24
为啥一到高考就下雨,你那里今天下雨了吗？,5892731,963,https://m.weibo.cn/api/container/getIndex?containerid=231522type%3D1%26q%3D%23为啥一到高考就下雨%23%26t%3D10&title=%E7%83%AD%E9%97%A8-%23为啥一到高考就下雨%23,https://s.weibo.com/weibo?q=%23为啥一到高考就下雨%23,2023-06-08 15:24
理想主义有错吗,《梦中的那片海》我真的想哭，台词太绝了，理想主义在呐喊！,571212,1096,https://m.weibo.cn/api/container/getIndex?containerid=231522type%3D1%26q%3D%23理想主义有错吗%23%26t%3D10&title=%E7%83%AD%E9%97%A8-%23理想主义有错吗%23,https://s.weibo.com/weibo?q=%23理想主义有错吗%23,2023-06-08 15:24
为什么你觉得现在好男生这么少,哎,3733625,830,https://m.weibo.cn/api/container/getIndex?containerid=231522type%3D1%26q%3D%23为什么你觉得现在好男生这么少%23%26t%3D10&title=%E7%83%AD%E9%97%A8-%23为什么你觉得现在好男生这么少%23,https://s.weibo.com/weibo?q=%23为什么你觉得现在好男生这么少%23,2023-06-08 15:24
马嘉祺藏哪儿了,马嘉祺你藏哪儿了呀哈哈哈感觉很隐蔽的样子,17059389,8302,https://m.weibo.cn/api/container/getIndex?containerid=231522type%3D1%26q%3D%23马嘉祺藏哪儿了%23%26t%3D10&title=%E7%83%AD%E9%97%A8-%23马嘉祺藏哪儿了%23,https://s.weibo.com/weibo?q=%23马嘉祺藏哪儿了%23,2023-06-08 15:24
你知道卖凉菜需要许可吗,近日，上海米帆餐饮管理有限公司金桥分公司因未经许可从事食品生产经营或食品添加剂生产活动，被上海市浦东新区市场监督管理局罚款5千元。,11552122,555,https://m.weibo.cn/api/container/getIndex?containerid=231522type%3D1%26q%3D%23你知道卖凉菜需要许可吗%23%26t%3D10&title=%E7%83%AD%E9%97%A8-%23你知道卖凉菜需要许可吗%23,https://s.weibo.com/weibo?q=%23你知道卖凉菜需要许可吗%23,2023-06-08 15:24
腰肌劳损为什么盯上了年轻人,让我康康谁还在跷二郎腿,4769807,2058,https://m.weibo.cn/api/container/getIndex?containerid=231522type%3D1%26q%3D%23腰肌劳损为什么盯上了年轻人%23%26t%3D10&title=%E7%83%AD%E9%97%A8-%23腰肌劳损为什么盯上了年轻人%23,https://s.weibo.com/weibo?q=%23腰肌劳损为什么盯上了年轻人%23,2023-06-08 15:24
你都用过哪些减肥办法,近日，据外媒报道，美国一57岁男子通过连吃100天麦当劳的方式减肥，体重由108公斤降至81.4公斤。你都用过哪些减肥办法？,488505,25,https://m.weibo.cn/api/container/getIndex?containerid=231522type%3D1%26q%3D%23你都用过哪些减肥办法%23%26t%3D10&title=%E7%83%AD%E9%97%A8-%23你都用过哪些减肥办法%23,https://s.weibo.com/weibo?q=%23你都用过哪些减肥办法%23,2023-06-08 15:24
如何看待流浪猫问题,2017年，在《BiologicalConservation》上的一篇论文指出：学者们通过对之前93例研究鸟类在澳大利亚猫食谱中所占比例的报道，和对于该国流浪猫数量的最新估计，估算出澳大利亚全国每年有3.77亿只鸟类被流浪猫猎杀。如果我们决定养猫，就要做好对它负责的思想准备，不要随便丢弃。虽然大家忍不住会心疼城市里四处流窜的流浪猫，但还是要控制好自己的同理心，谨慎投喂，毕竟它们的杀伤力远比我们想象中厉害得多。,332869,35,https://m.weibo.cn/api/container/getIndex?containerid=231522type%3D1%26q%3D%23如何看待流浪猫问题%23%26t%3D10&title=%E7%83%AD%E9%97%A8-%23如何看待流浪猫问题%23,https://s.weibo.com/weibo?q=%23如何看待流浪猫问题%23,2023-06-08 15:24
父母过度保护孩子会造成什么危害,保护孩子是父母的本能，但过度保护可能会危害到孩子的健康成长。 父母过度保护孩子会造成什么危害？ ​,600395,68,https://m.weibo.cn/api/container/getIndex?containerid=231522type%3D1%26q%3D%23父母过度保护孩子会造成什么危害%23%26t%3D10&title=%E7%83%AD%E9%97%A8-%23父母过度保护孩子会造成什么危害%23,https://s.weibo.com/weibo?q=%23父母过度保护孩子会造成什么危害%23,2023-06-08 15:24
你有办购物卡的消费习惯吗,家乐福购物卡消费再次调整。近日，有消费者持500元购物卡到店消费时被告知，结账时仅20%金额可使用购物卡结算。,1069621,53,https://m.weibo.cn/api/container/getIndex?containerid=231522type%3D1%26q%3D%23你有办购物卡的消费习惯吗%23%26t%3D10&title=%E7%83%AD%E9%97%A8-%23你有办购物卡的消费习惯吗%23,https://s.weibo.com/weibo?q=%23你有办购物卡的消费习惯吗%23,2023-06-08 15:24
高考后有什么事值得做,你觉得在高考完的这2个月的假期，有什么事情值得一做。,1157242,1145,https://m.weibo.cn/api/container/getIndex?containerid=231522type%3D1%26q%3D%23高考后有什么事值得做%23%26t%3D10&title=%E7%83%AD%E9%97%A8-%23高考后有什么事值得做%23,https://s.weibo.com/weibo?q=%23高考后有什么事值得做%23,2023-06-08 15:24
骑行真的快乐吗,你喜欢骑行吗，骑行的乐趣是什么？,2915385,2424,https://m.weibo.cn/api/container/getIndex?containerid=231522type%3D1%26q%3D%23骑行真的快乐吗%23%26t%3D10&title=%E7%83%AD%E9%97%A8-%23骑行真的快乐吗%23,https://s.weibo.com/weibo?q=%23骑行真的快乐吗%23,2023-06-08 15:24
当孩子问起死亡该怎么回答,死亡教育，远远不该在发生家庭变故时才开始，孩子从1岁半开始就接触到“生命”：地上的落叶、死去的昆虫、或是自己的宠物离世……死亡教育绘本《爷爷变成了幽灵》帮助成人和小孩一起谈论“死亡”，消除我们内心深处对这类话题的害怕、恐惧和不安，真正地帮助孩子理解“死亡”，同时也收获活着的力量。,889364,1473,https://m.weibo.cn/api/container/getIndex?containerid=231522type%3D1%26q%3D%23当孩子问起死亡该怎么回答%23%26t%3D10&title=%E7%83%AD%E9%97%A8-%23当孩子问起死亡该怎么回答%23,https://s.weibo.com/weibo?q=%23当孩子问起死亡该怎么回答%23,2023-06-08 15:24
肚脐眼抠出的脏东西是什么,肚脐眼里到底有多少细菌?,204970,284,https://m.weibo.cn/api/container/getIndex?containerid=231522type%3D1%26q%3D%23肚脐眼抠出的脏东西是什么%23%26t%3D10&title=%E7%83%AD%E9%97%A8-%23肚脐眼抠出的脏东西是什么%23,https://s.weibo.com/weibo?q=%23肚脐眼抠出的脏东西是什么%23,2023-06-08 15:24
最奢侈的一次消费是什么,快来说说你们人生中最奢侈的一次消费是什么？,66195,296,https://m.weibo.cn/api/container/getIndex?containerid=231522type%3D1%26q%3D%23最奢侈的一次消费是什么%23%26t%3D10&title=%E7%83%AD%E9%97%A8-%23最奢侈的一次消费是什么%23,https://s.weibo.com/weibo?q=%23最奢侈的一次消费是什么%23,2023-06-08 15:24
鸭脖事件的蝴蝶效应你感受到了吗,连日来，“鼠头鸭脖事件”持续发酵，多个话题接连登上热搜。即便已有多方回应，但仍有不少网友质疑“指鼠为鸭”。随着这起事件持续引发热议，它带来的蝴蝶效应你感受到了吗？,1347372,73,https://m.weibo.cn/api/container/getIndex?containerid=231522type%3D1%26q%3D%23鸭脖事件的蝴蝶效应你感受到了吗%23%26t%3D10&title=%E7%83%AD%E9%97%A8-%23鸭脖事件的蝴蝶效应你感受到了吗%23,https://s.weibo.com/weibo?q=%23鸭脖事件的蝴蝶效应你感受到了吗%23,2023-06-08 15:24
你会想体验摆摊吗,6月7日，陕西西安。西安市第八十五中学考点外，几位大学生考点摆摊卖9.85与21.1元花束吸引不少围观群众。 你会想体验摆摊吗？ ​,681493,43,https://m.weibo.cn/api/container/getIndex?containerid=231522type%3D1%26q%3D%23你会想体验摆摊吗%23%26t%3D10&title=%E7%83%AD%E9%97%A8-%23你会想体验摆摊吗%23,https://s.weibo.com/weibo?q=%23你会想体验摆摊吗%23,2023-06-08 15:24
你觉的自己具备教育孩子的能力吗,6月6日，#地铁站里妈妈含泪掌掴小孩称太委屈#引发网友热议，不少网友认为该妈妈的教育方式不可取，也有网友觉得未经他人苦，不应太苛责这位妈妈，何况教育孩子一直是很多家长一辈子的难题。你觉的自己具备教育孩子的能力吗？,1795166,87,https://m.weibo.cn/api/container/getIndex?containerid=231522type%3D1%26q%3D%23你觉的自己具备教育孩子的能力吗%23%26t%3D10&title=%E7%83%AD%E9%97%A8-%23你觉的自己具备教育孩子的能力吗%23,https://s.weibo.com/weibo?q=%23你觉的自己具备教育孩子的能力吗%23,2023-06-08 15:24
还记得你当年走出高考考场的心情吗,你是哪一年参加高考的？还记得你走出考场时的心情吗？,8211665,418,https://m.weibo.cn/api/container/getIndex?containerid=231522type%3D1%26q%3D%23还记得你当年走出高考考场的心情吗%23%26t%3D10&title=%E7%83%AD%E9%97%A8-%23还记得你当年走出高考考场的心情吗%23,https://s.weibo.com/weibo?q=%23还记得你当年走出高考考场的心情吗%23,2023-06-08 15:24
护肤品中的透明质酸有啥用,炎炎夏日，不少护肤“成分党”都喜欢选用含有透明质酸的护肤品。其实除了皮肤保湿，我们的骨关节、眼睛等都离不了它。它是如何起作用的？看↓,3254811,229,https://m.weibo.cn/api/container/getIndex?containerid=231522type%3D1%26q%3D%23护肤品中的透明质酸有啥用%23%26t%3D10&title=%E7%83%AD%E9%97%A8-%23护肤品中的透明质酸有啥用%23,https://s.weibo.com/weibo?q=%23护肤品中的透明质酸有啥用%23,2023-06-08 15:24
徐娇是不是开了美颜,徐娇是不是开了美颜，娇娇你也是最棒的,59951993,1059,https://m.weibo.cn/api/container/getIndex?containerid=231522type%3D1%26q%3D%23徐娇是不是开了美颜%23%26t%3D10&title=%E7%83%AD%E9%97%A8-%23徐娇是不是开了美颜%23,https://s.weibo.com/weibo?q=%23徐娇是不是开了美颜%23,2023-06-08 15:24
长期11点后睡觉会发生什么,每天晚上11点以后睡觉身体会发生哪些变化？,16302729,2218,https://m.weibo.cn/api/container/getIndex?containerid=231522type%3D1%26q%3D%23长期11点后睡觉会发生什么%23%26t%3D10&title=%E7%83%AD%E9%97%A8-%23长期11点后睡觉会发生什么%23,https://s.weibo.com/weibo?q=%23长期11点后睡觉会发生什么%23,2023-06-08 15:24
能接受第一份工作经常加班吗,每年毕业季，高校毕业生们的就业情况都广受关注。今年毕业的你，找到工作了吗？第一份工作是否能接受经常加班？,3931056,107,https://m.weibo.cn/api/container/getIndex?containerid=231522type%3D1%26q%3D%23能接受第一份工作经常加班吗%23%26t%3D10&title=%E7%83%AD%E9%97%A8-%23能接受第一份工作经常加班吗%23,https://s.weibo.com/weibo?q=%23能接受第一份工作经常加班吗%23,2023-06-08 15:24
你喜欢吃放黄瓜丝的凉皮吗,你吃凉皮的时候，喜欢放黄瓜丝吗？  ​​​,554556,30,https://m.weibo.cn/api/container/getIndex?containerid=231522type%3D1%26q%3D%23你喜欢吃放黄瓜丝的凉皮吗%23%26t%3D10&title=%E7%83%AD%E9%97%A8-%23你喜欢吃放黄瓜丝的凉皮吗%23,https://s.weibo.com/weibo?q=%23你喜欢吃放黄瓜丝的凉皮吗%23,2023-06-08 15:24
艺人需要对不实传闻自证吗,虞书欣工作室面对不实绯闻澄清，说希望大家能不再自证，你觉得面对不实传闻，大家有必要自证吗？ ​,396435,60,https://m.weibo.cn/api/container/getIndex?containerid=231522type%3D1%26q%3D%23艺人需要对不实传闻自证吗%23%26t%3D10&title=%E7%83%AD%E9%97%A8-%23艺人需要对不实传闻自证吗%23,https://s.weibo.com/weibo?q=%23艺人需要对不实传闻自证吗%23,2023-06-08 15:24
董某某是否被过度挖料,国企领导与异性亲密逛街被拍事件持续发酵，涉事女子信息也被网友翻了个底朝天。你觉得她是不是被过度爆料了？,725800,32,https://m.weibo.cn/api/container/getIndex?containerid=231522type%3D1%26q%3D%23董某某是否被过度挖料%23%26t%3D10&title=%E7%83%AD%E9%97%A8-%23董某某是否被过度挖料%23,https://s.weibo.com/weibo?q=%23董某某是否被过度挖料%23,2023-06-08 15:24
鼠头事件会影响你买鸭脖吗,6月5日，绝味食品股价开盘即闪跌，对此股民纷纷评价其为“鼠头”受害股。“鼠头事件”会影响你买鸭脖吗？,14122024,2245,https://m.weibo.cn/api/container/getIndex?containerid=231522type%3D1%26q%3D%23鼠头事件会影响你买鸭脖吗%23%26t%3D10&title=%E7%83%AD%E9%97%A8-%23鼠头事件会影响你买鸭脖吗%23,https://s.weibo.com/weibo?q=%23鼠头事件会影响你买鸭脖吗%23,2023-06-08 15:24
工作996和高三哪个更辛苦,2023高考～,9660308,428,https://m.weibo.cn/api/container/getIndex?containerid=231522type%3D1%26q%3D%23工作996和高三哪个更辛苦%23%26t%3D10&title=%E7%83%AD%E9%97%A8-%23工作996和高三哪个更辛苦%23,https://s.weibo.com/weibo?q=%23工作996和高三哪个更辛苦%23,2023-06-08 15:24
陈伟霆章若楠的聊天记录是加蜜了吗,电视剧《照亮你》中，陈伟霆章若楠短信互撩，上演新版qq爱。,4671593,2119,https://m.weibo.cn/api/container/getIndex?containerid=231522type%3D1%26q%3D%23陈伟霆章若楠的聊天记录是加蜜了吗%23%26t%3D10&title=%E7%83%AD%E9%97%A8-%23陈伟霆章若楠的聊天记录是加蜜了吗%23,https://s.weibo.com/weibo?q=%23陈伟霆章若楠的聊天记录是加蜜了吗%23,2023-06-08 15:24
你近期有买房计划吗,马斯克称未来房价下跌将加速， 你近期有买房计划吗？,14735342,1049,https://m.weibo.cn/api/container/getIndex?containerid=231522type%3D1%26q%3D%23你近期有买房计划吗%23%26t%3D10&title=%E7%83%AD%E9%97%A8-%23你近期有买房计划吗%23,https://s.weibo.com/weibo?q=%23你近期有买房计划吗%23,2023-06-08 15:24
你还能写出高考作文吗,高考作文题目出炉！你还能写出高考作文吗？,2103476,294,https://m.weibo.cn/api/container/getIndex?containerid=231522type%3D1%26q%3D%23你还能写出高考作文吗%23%26t%3D10&title=%E7%83%AD%E9%97%A8-%23你还能写出高考作文吗%23,https://s.weibo.com/weibo?q=%23你还能写出高考作文吗%23,2023-06-08 15:24
哪句高考台词是你的青春,总有你的青春,2171909,527,https://m.weibo.cn/api/container/getIndex?containerid=231522type%3D1%26q%3D%23哪句高考台词是你的青春%23%26t%3D10&title=%E7%83%AD%E9%97%A8-%23哪句高考台词是你的青春%23,https://s.weibo.com/weibo?q=%23哪句高考台词是你的青春%23,2023-06-08 15:24
你经常啃鸭脖吗,6月5日，绝味食品股价开盘即闪跌，截止收盘共跌3.06%，对此股民纷纷评价其为“鼠头”受害股。 你经常啃鸭脖吗？,3696054,137,https://m.weibo.cn/api/container/getIndex?containerid=231522type%3D1%26q%3D%23你经常啃鸭脖吗%23%26t%3D10&title=%E7%83%AD%E9%97%A8-%23你经常啃鸭脖吗%23,https://s.weibo.com/weibo?q=%23你经常啃鸭脖吗%23,2023-06-08 15:24
考前临阵磨枪有用吗,6月7日，陕西西安。高考首日，考生们在西安市第二十六中门口有序排队准备进入考场，排队间隙同学们纷纷拿出复习资料，做最后准备。,766403,127,https://m.weibo.cn/api/container/getIndex?containerid=231522type%3D1%26q%3D%23考前临阵磨枪有用吗%23%26t%3D10&title=%E7%83%AD%E9%97%A8-%23考前临阵磨枪有用吗%23,https://s.weibo.com/weibo?q=%23考前临阵磨枪有用吗%23,2023-06-08 15:24
给动物体检是一种什么体验,《一起露营吧2》露人们与狮子零距离接触，给狮子测量心率、体温、体长，给动物体检是什么体验呢？,4006165,322,https://m.weibo.cn/api/container/getIndex?containerid=231522type%3D1%26q%3D%23给动物体检是一种什么体验%23%26t%3D10&title=%E7%83%AD%E9%97%A8-%23给动物体检是一种什么体验%23,https://s.weibo.com/weibo?q=%23给动物体检是一种什么体验%23,2023-06-08 15:24
基金经理们毕业于哪些学校,又是一年高考季，你们追捧的基金经理又毕业于哪些学校？,710027,24,https://m.weibo.cn/api/container/getIndex?containerid=231522type%3D1%26q%3D%23基金经理们毕业于哪些学校%23%26t%3D10&title=%E7%83%AD%E9%97%A8-%23基金经理们毕业于哪些学校%23,https://s.weibo.com/weibo?q=%23基金经理们毕业于哪些学校%23,2023-06-08 15:24
如何看待老年代步车将不得上路行驶,接受采访的专家认为，“老年代步车”实际上是违规电动三、四轮车，实践中存在不少违规逆行、霸占车道、乱停乱放等问题，既扰乱道路秩序又危害公共安全，亟待整治。同时，城市交通网络应该充分考虑老年人的出行需求，补足“最后一公里”的短板。对此，你怎么看？,98160,166,https://m.weibo.cn/api/container/getIndex?containerid=231522type%3D1%26q%3D%23如何看待老年代步车将不得上路行驶%23%26t%3D10&title=%E7%83%AD%E9%97%A8-%23如何看待老年代步车将不得上路行驶%23,https://s.weibo.com/weibo?q=%23如何看待老年代步车将不得上路行驶%23,2023-06-08 15:24
苹果发布会最让人惊喜的产品是哪款,一起来说说，你觉得苹果发布会最让人惊喜的产品是哪款？,602918,57,https://m.weibo.cn/api/container/getIndex?containerid=231522type%3D1%26q%3D%23苹果发布会最让人惊喜的产品是哪款%23%26t%3D10&title=%E7%83%AD%E9%97%A8-%23苹果发布会最让人惊喜的产品是哪款%23,https://s.weibo.com/weibo?q=%23苹果发布会最让人惊喜的产品是哪款%23,2023-06-08 15:24
你的电动尾翼有防夹功能吗,近日在某场网络带货直播中，主播的手不慎被夹入某车型的电动尾翼中，许久之后才得以将手抽出。近期，有不少车圈KOL针对电动尾门、电吸门进行了大量防夹手测试，博取了广大网友、车迷的关注。而有关电动尾翼是否夹手的问题，则同样值得大家探讨。所以，你的电动尾翼有防夹功能吗？,87207,36,https://m.weibo.cn/api/container/getIndex?containerid=231522type%3D1%26q%3D%23你的电动尾翼有防夹功能吗%23%26t%3D10&title=%E7%83%AD%E9%97%A8-%23你的电动尾翼有防夹功能吗%23,https://s.weibo.com/weibo?q=%23你的电动尾翼有防夹功能吗%23,2023-06-08 15:24
如何看待考生走错考场交警帮忙送达,有网友认为，这样的事发生了一遍又一遍，考生应该提前摸清考场位置，对自己负责。也有网友认为，重压之下出错在所难免，能赶上就好，大家怎么看这个问题？,565284,30,https://m.weibo.cn/api/container/getIndex?containerid=231522type%3D1%26q%3D%23如何看待考生走错考场交警帮忙送达%23%26t%3D10&title=%E7%83%AD%E9%97%A8-%23如何看待考生走错考场交警帮忙送达%23,https://s.weibo.com/weibo?q=%23如何看待考生走错考场交警帮忙送达%23,2023-06-08 15:24
你觉得今年的高考作文难吗,6月7日，2023高考首日，第一科语文结束，你觉得2023高考作文难吗？,48992770,169,https://m.weibo.cn/api/container/getIndex?containerid=231522type%3D1%26q%3D%23你觉得今年的高考作文难吗%23%26t%3D10&title=%E7%83%AD%E9%97%A8-%23你觉得今年的高考作文难吗%23,https://s.weibo.com/weibo?q=%23你觉得今年的高考作文难吗%23,2023-06-08 15:24
刚毕业要多少薪资合适,又是一年一度毕业季，“找工作”再度成热议话题~你觉得应届生的第一份工资应该拿多少？,7909995,419,https://m.weibo.cn/api/container/getIndex?containerid=231522type%3D1%26q%3D%23刚毕业要多少薪资合适%23%26t%3D10&title=%E7%83%AD%E9%97%A8-%23刚毕业要多少薪资合适%23,https://s.weibo.com/weibo?q=%23刚毕业要多少薪资合适%23,2023-06-08 15:24
失业后你会假装上班吗,近日，一则热帖引发关注：周一的星巴克被失业假装上班的中年人「填满」了。失业后你会假装上班吗？,277021,22,https://m.weibo.cn/api/container/getIndex?containerid=231522type%3D1%26q%3D%23失业后你会假装上班吗%23%26t%3D10&title=%E7%83%AD%E9%97%A8-%23失业后你会假装上班吗%23,https://s.weibo.com/weibo?q=%23失业后你会假装上班吗%23,2023-06-08 15:24
价格相同还有必要选燃油车吗,随着技术的成熟和市场竞争的加剧，一些插电混动车型上市后的价格已经基本等同于燃油车产品。而且，几乎相似的价格区间下，插电式混动车型在节油技术、智能化配置等方面也丝毫不逊于燃油车。,391463,15,https://m.weibo.cn/api/container/getIndex?containerid=231522type%3D1%26q%3D%23价格相同还有必要选燃油车吗%23%26t%3D10&title=%E7%83%AD%E9%97%A8-%23价格相同还有必要选燃油车吗%23,https://s.weibo.com/weibo?q=%23价格相同还有必要选燃油车吗%23,2023-06-08 15:24
电子产品护眼功能真的有用吗,电子产品的护眼功能，真的有用吗？如何保护眼睛？看↓,4318870,195,https://m.weibo.cn/api/container/getIndex?containerid=231522type%3D1%26q%3D%23电子产品护眼功能真的有用吗%23%26t%3D10&title=%E7%83%AD%E9%97%A8-%23电子产品护眼功能真的有用吗%23,https://s.weibo.com/weibo?q=%23电子产品护眼功能真的有用吗%23,2023-06-08 15:24
一个班一半孩子戴眼镜怎么办,90%的高中生，50%的小学生都近视，怎么办？如何防控近视？,9250662,983,https://m.weibo.cn/api/container/getIndex?containerid=231522type%3D1%26q%3D%23一个班一半孩子戴眼镜怎么办%23%26t%3D10&title=%E7%83%AD%E9%97%A8-%23一个班一半孩子戴眼镜怎么办%23,https://s.weibo.com/weibo?q=%23一个班一半孩子戴眼镜怎么办%23,2023-06-08 15:24
学生遇到鼠头事件该如何选择,如果你是鼠头事件所在校的学生，你会怎么做？,3300928,84,https://m.weibo.cn/api/container/getIndex?containerid=231522type%3D1%26q%3D%23学生遇到鼠头事件该如何选择%23%26t%3D10&title=%E7%83%AD%E9%97%A8-%23学生遇到鼠头事件该如何选择%23,https://s.weibo.com/weibo?q=%23学生遇到鼠头事件该如何选择%23,2023-06-08 15:24
张彬彬的演技被低估了吗,《三分野》张彬彬的演技被低估了吧,2806141,2062,https://m.weibo.cn/api/container/getIndex?containerid=231522type%3D1%26q%3D%23张彬彬的演技被低估了吗%23%26t%3D10&title=%E7%83%AD%E9%97%A8-%23张彬彬的演技被低估了吗%23,https://s.weibo.com/weibo?q=%23张彬彬的演技被低估了吗%23,2023-06-08 15:24
网友为何对鸭脖事件回应不买账,网友为何对鸭脖事件回应不买账？,1943158,93,https://m.weibo.cn/api/container/getIndex?containerid=231522type%3D1%26q%3D%23网友为何对鸭脖事件回应不买账%23%26t%3D10&title=%E7%83%AD%E9%97%A8-%23网友为何对鸭脖事件回应不买账%23,https://s.weibo.com/weibo?q=%23网友为何对鸭脖事件回应不买账%23,2023-06-08 15:24
高考数学有不难的吗,2023年高考数学考试结束了，你当年你高考数学难吗？,1166159,69,https://m.weibo.cn/api/container/getIndex?containerid=231522type%3D1%26q%3D%23高考数学有不难的吗%23%26t%3D10&title=%E7%83%AD%E9%97%A8-%23高考数学有不难的吗%23,https://s.weibo.com/weibo?q=%23高考数学有不难的吗%23,2023-06-08 15:24
第一份工作能接受薪资多少,近年来高校毕业生人数在逐年增加，有网友说00后意气风发要“整顿职场”，但从实际情况看，不少应届生到谈薪时就变得唯唯诺诺。来说说，你觉得刚毕业要多少薪资合适？  ​​​,12678474,1827,https://m.weibo.cn/api/container/getIndex?containerid=231522type%3D1%26q%3D%23第一份工作能接受薪资多少%23%26t%3D10&title=%E7%83%AD%E9%97%A8-%23第一份工作能接受薪资多少%23,https://s.weibo.com/weibo?q=%23第一份工作能接受薪资多少%23,2023-06-08 15:24
ai写代码能让程序员实现摸鱼自由吗,如今的AI可实现代码自动生成、代码自动补全、代码智能搜索、高质量代码推荐、测试代码自动生成等多种智能功能，大大提高了程序员编程效率，有了AI的助力，能让程序员实现摸鱼自由吗？,25684806,24010,https://m.weibo.cn/api/container/getIndex?containerid=231522type%3D1%26q%3D%23ai写代码能让程序员实现摸鱼自由吗%23%26t%3D10&title=%E7%83%AD%E9%97%A8-%23ai写代码能让程序员实现摸鱼自由吗%23,https://s.weibo.com/weibo?q=%23ai写代码能让程序员实现摸鱼自由吗%23,2023-06-08 15:24
开车时有哪些视野盲区,车辆常见盲区有哪些？行驶时与静止时的盲区有何区别？司机和行人需注意什么？戳直播↓↓,3187889,497,https://m.weibo.cn/api/container/getIndex?containerid=231522type%3D1%26q%3D%23开车时有哪些视野盲区%23%26t%3D10&title=%E7%83%AD%E9%97%A8-%23开车时有哪些视野盲区%23,https://s.weibo.com/weibo?q=%23开车时有哪些视野盲区%23,2023-06-08 15:24
鼠头鸭脖事件官方通报错在哪,江西某学校食堂疑吃出老鼠头事件，学校、监管部门近日陆续作出回应——是鸭脖。本以为事件会就此告一段落，没成想大家根本不买账，甚至演化成了更大的舆情事件。问题出在哪？,17013294,625,https://m.weibo.cn/api/container/getIndex?containerid=231522type%3D1%26q%3D%23鼠头鸭脖事件官方通报错在哪%23%26t%3D10&title=%E7%83%AD%E9%97%A8-%23鼠头鸭脖事件官方通报错在哪%23,https://s.weibo.com/weibo?q=%23鼠头鸭脖事件官方通报错在哪%23,2023-06-08 15:24
湖北有什么出名的菜吗,湖北菜不出名？你觉得湖北有什么名菜吗？,3540639,258,https://m.weibo.cn/api/container/getIndex?containerid=231522type%3D1%26q%3D%23湖北有什么出名的菜吗%23%26t%3D10&title=%E7%83%AD%E9%97%A8-%23湖北有什么出名的菜吗%23,https://s.weibo.com/weibo?q=%23湖北有什么出名的菜吗%23,2023-06-08 15:24
高考是唯一的人生转折点吗,又是一年高考季，还记得当时参加高考的心情吗？你觉得现在高考对学生的意义是什么？对于今年即将步入考场的考生有什么建议呢？北京青年报记者街头采访市民，听听他们对考生的祝福吧！,1733812,293,https://m.weibo.cn/api/container/getIndex?containerid=231522type%3D1%26q%3D%23高考是唯一的人生转折点吗%23%26t%3D10&title=%E7%83%AD%E9%97%A8-%23高考是唯一的人生转折点吗%23,https://s.weibo.com/weibo?q=%23高考是唯一的人生转折点吗%23,2023-06-08 15:24
大学毕业了你最不舍得是谁,从踢正步的“一二一”到拍毕业照的“三二一”，又是一年毕业季，谈起毕业都是伤感，谈起毕业你一定也有很多话想说，那么谈起毕业你最不舍得的是谁？是导员、班主任、宿管、还是食堂饭菜…,24440223,888,https://m.weibo.cn/api/container/getIndex?containerid=231522type%3D1%26q%3D%23大学毕业了你最不舍得是谁%23%26t%3D10&title=%E7%83%AD%E9%97%A8-%23大学毕业了你最不舍得是谁%23,https://s.weibo.com/weibo?q=%23大学毕业了你最不舍得是谁%23,2023-06-08 15:24
还记得你的浙江高考作文题吗,"2004年-2022年,浙江语文高考均采用自主命题，由此诞生了19道别具风味的作文题目,成为了浙江学子难以忘怀的青春四忆。",2888060,135,https://m.weibo.cn/api/container/getIndex?containerid=231522type%3D1%26q%3D%23还记得你的浙江高考作文题吗%23%26t%3D10&title=%E7%83%AD%E9%97%A8-%23还记得你的浙江高考作文题吗%23,https://s.weibo.com/weibo?q=%23还记得你的浙江高考作文题吗%23,2023-06-08 15:24
只有我追星时先看脸吗,只有我追星时先看脸吗？,1720174,549,https://m.weibo.cn/api/container/getIndex?containerid=231522type%3D1%26q%3D%23只有我追星时先看脸吗%23%26t%3D10&title=%E7%83%AD%E9%97%A8-%23只有我追星时先看脸吗%23,https://s.weibo.com/weibo?q=%23只有我追星时先看脸吗%23,2023-06-08 15:24
你认为高考送考仪式有必要吗,每年高考，全国各地都会开展各种花式送考活动，你认为高考送考仪式有必要吗？,1593031,214,https://m.weibo.cn/api/container/getIndex?containerid=231522type%3D1%26q%3D%23你认为高考送考仪式有必要吗%23%26t%3D10&title=%E7%83%AD%E9%97%A8-%23你认为高考送考仪式有必要吗%23,https://s.weibo.com/weibo?q=%23你认为高考送考仪式有必要吗%23,2023-06-08 15:24
和老板打游戏该放水吗,和老板打游戏该放水吗？快来发表你的看法吧!,4090300,6231,https://m.weibo.cn/api/container/getIndex?containerid=231522type%3D1%26q%3D%23和老板打游戏该放水吗%23%26t%3D10&title=%E7%83%AD%E9%97%A8-%23和老板打游戏该放水吗%23,https://s.weibo.com/weibo?q=%23和老板打游戏该放水吗%23,2023-06-08 15:24
2022年高考比今年要难吗,网友们纷纷发现，今年的高考考题似乎比去年简单了一些，有网友感叹“只有22届受伤的世界完成了”。来聊聊，你觉得去年高考真的比今年要难吗？,2494259,239,https://m.weibo.cn/api/container/getIndex?containerid=231522type%3D1%26q%3D%232022年高考比今年要难吗%23%26t%3D10&title=%E7%83%AD%E9%97%A8-%232022年高考比今年要难吗%23,https://s.weibo.com/weibo?q=%232022年高考比今年要难吗%23,2023-06-08 15:24
佟大为何陆源是我的怼替,佟大为演的何陆源帮安旎怼人这段简直是我怼替啊！怼人不留余地，我算是学到了！,898229,1141,https://m.weibo.cn/api/container/getIndex?containerid=231522type%3D1%26q%3D%23佟大为何陆源是我的怼替%23%26t%3D10&title=%E7%83%AD%E9%97%A8-%23佟大为何陆源是我的怼替%23,https://s.weibo.com/weibo?q=%23佟大为何陆源是我的怼替%23,2023-06-08 15:24
假如自己中彩票该怎么花,怎么办,11935190,1040,https://m.weibo.cn/api/container/getIndex?containerid=231522type%3D1%26q%3D%23假如自己中彩票该怎么花%23%26t%3D10&title=%E7%83%AD%E9%97%A8-%23假如自己中彩票该怎么花%23,https://s.weibo.com/weibo?q=%23假如自己中彩票该怎么花%23,2023-06-08 15:24
如何让自己在公司看起来很忙,装最忙的人，摸最多的鱼。,1539443,1586,https://m.weibo.cn/api/container/getIndex?containerid=231522type%3D1%26q%3D%23如何让自己在公司看起来很忙%23%26t%3D10&title=%E7%83%AD%E9%97%A8-%23如何让自己在公司看起来很忙%23,https://s.weibo.com/weibo?q=%23如何让自己在公司看起来很忙%23,2023-06-08 15:24
现在高考越来越难了吗,2023年普通高校招生全国统一考试将于6月7日至8日进行，为了梦想考生们拼搏努力。你觉得现在的高考越来越难了吗？,3050228,272,https://m.weibo.cn/api/container/getIndex?containerid=231522type%3D1%26q%3D%23现在高考越来越难了吗%23%26t%3D10&title=%E7%83%AD%E9%97%A8-%23现在高考越来越难了吗%23,https://s.weibo.com/weibo?q=%23现在高考越来越难了吗%23,2023-06-08 15:24
你当年高考前一晚紧张吗,还记得你们当时高考前一晚什么感受啊？,3759098,1255,https://m.weibo.cn/api/container/getIndex?containerid=231522type%3D1%26q%3D%23你当年高考前一晚紧张吗%23%26t%3D10&title=%E7%83%AD%E9%97%A8-%23你当年高考前一晚紧张吗%23,https://s.weibo.com/weibo?q=%23你当年高考前一晚紧张吗%23,2023-06-08 15:24
为什么小学生也会有身材焦虑,这种焦虑怎么会传播到孩子身上啊,2955419,3083,https://m.weibo.cn/api/container/getIndex?containerid=231522type%3D1%26q%3D%23为什么小学生也会有身材焦虑%23%26t%3D10&title=%E7%83%AD%E9%97%A8-%23为什么小学生也会有身材焦虑%23,https://s.weibo.com/weibo?q=%23为什么小学生也会有身材焦虑%23,2023-06-08 15:24
年轻人为什么不爱啃鸭脖了,鸭脖为何卖不动？真的是年轻人不喜欢啃鸭脖了？,8576853,13033,https://m.weibo.cn/api/container/getIndex?containerid=231522type%3D1%26q%3D%23年轻人为什么不爱啃鸭脖了%23%26t%3D10&title=%E7%83%AD%E9%97%A8-%23年轻人为什么不爱啃鸭脖了%23,https://s.weibo.com/weibo?q=%23年轻人为什么不爱啃鸭脖了%23,2023-06-08 15:24
当年高考为什么不选清华,为什么？,15668132,2204,https://m.weibo.cn/api/container/getIndex?containerid=231522type%3D1%26q%3D%23当年高考为什么不选清华%23%26t%3D10&title=%E7%83%AD%E9%97%A8-%23当年高考为什么不选清华%23,https://s.weibo.com/weibo?q=%23当年高考为什么不选清华%23,2023-06-08 15:24
如何让社恐朋友在外社死,隔着屏幕已经感觉到尴尬了,50387210,3780,https://m.weibo.cn/api/container/getIndex?containerid=231522type%3D1%26q%3D%23如何让社恐朋友在外社死%23%26t%3D10&title=%E7%83%AD%E9%97%A8-%23如何让社恐朋友在外社死%23,https://s.weibo.com/weibo?q=%23如何让社恐朋友在外社死%23,2023-06-08 15:24
高考前一天晚上你失眠了吗,高考前一天晚上你失眠了吗？一起来为高考生支招吧。,3719581,764,https://m.weibo.cn/api/container/getIndex?containerid=231522type%3D1%26q%3D%23高考前一天晚上你失眠了吗%23%26t%3D10&title=%E7%83%AD%E9%97%A8-%23高考前一天晚上你失眠了吗%23,https://s.weibo.com/weibo?q=%23高考前一天晚上你失眠了吗%23,2023-06-08 15:24
山东人真的爱说倒装句吗,山东人真的爱说倒装句吗？,4628900,365,https://m.weibo.cn/api/container/getIndex?containerid=231522type%3D1%26q%3D%23山东人真的爱说倒装句吗%23%26t%3D10&title=%E7%83%AD%E9%97%A8-%23山东人真的爱说倒装句吗%23,https://s.weibo.com/weibo?q=%23山东人真的爱说倒装句吗%23,2023-06-08 15:24
一般明星恋爱了有哪些征兆,明星恋爱了会有哪些征兆,23896049,1720,https://m.weibo.cn/api/container/getIndex?containerid=231522type%3D1%26q%3D%23一般明星恋爱了有哪些征兆%23%26t%3D10&title=%E7%83%AD%E9%97%A8-%23一般明星恋爱了有哪些征兆%23,https://s.weibo.com/weibo?q=%23一般明星恋爱了有哪些征兆%23,2023-06-08 15:24
你有在银行存定期存款吗,据证券时报，多家国有大行近日将下调部分存款利率，涉及人民币、美元币种。其中，人民币活期存款利率调降5个基点，部分定期存款利率下调10个基点。  ​​​,1718367,70,https://m.weibo.cn/api/container/getIndex?containerid=231522type%3D1%26q%3D%23你有在银行存定期存款吗%23%26t%3D10&title=%E7%83%AD%E9%97%A8-%23你有在银行存定期存款吗%23,https://s.weibo.com/weibo?q=%23你有在银行存定期存款吗%23,2023-06-08 15:24
还记得高考前一晚你在干嘛吗,每年高考都牵动着无数人的心，你还记得高考的前一晚，你在干嘛吗？,3053554,274,https://m.weibo.cn/api/container/getIndex?containerid=231522type%3D1%26q%3D%23还记得高考前一晚你在干嘛吗%23%26t%3D10&title=%E7%83%AD%E9%97%A8-%23还记得高考前一晚你在干嘛吗%23,https://s.weibo.com/weibo?q=%23还记得高考前一晚你在干嘛吗%23,2023-06-08 15:24
网上健康咨询靠谱吗,随着互联网医疗的发展，在线上寻求健康咨询问诊成为越来越多人的选择。然而，《法治日报》记者调查发现，互联网健康咨询问诊服务快速发展的同时，存在部分回复内容过于随意、回复内容包含虚假信息、冒用他人身份提供健康咨询、打着“健康科普”的名义进行广告宣传等现象。此外，医生误诊、先药后方、AI开处方药、泄露患者个人信息等问题也屡见不鲜。,701694,575,https://m.weibo.cn/api/container/getIndex?containerid=231522type%3D1%26q%3D%23网上健康咨询靠谱吗%23%26t%3D10&title=%E7%83%AD%E9%97%A8-%23网上健康咨询靠谱吗%23,https://s.weibo.com/weibo?q=%23网上健康咨询靠谱吗%23,2023-06-08 15:24
我们为何关注高考,2023年高考拉开大幕，陪同1291万考生的除了老师家长，还有全国亿万人民。我们为忐忑不安的考生加油鼓劲，也为忘带准考证的考生捏一把汗。有人说，考生走向考场的脚步，每一步都是我们的青春。那么屏幕前的你，是因为什么在关注高考呢？,18124028,780,https://m.weibo.cn/api/container/getIndex?containerid=231522type%3D1%26q%3D%23我们为何关注高考%23%26t%3D10&title=%E7%83%AD%E9%97%A8-%23我们为何关注高考%23,https://s.weibo.com/weibo?q=%23我们为何关注高考%23,2023-06-08 15:24
没嫁给肖春生是因为不想吗,谁不想,3660767,1104,https://m.weibo.cn/api/container/getIndex?containerid=231522type%3D1%26q%3D%23没嫁给肖春生是因为不想吗%23%26t%3D10&title=%E7%83%AD%E9%97%A8-%23没嫁给肖春生是因为不想吗%23,https://s.weibo.com/weibo?q=%23没嫁给肖春生是因为不想吗%23,2023-06-08 15:24
为什么很多女生的理想型是徐志胜,为什么很多女生的理想型是徐志胜？？有趣的灵魂谁不喜欢呢！！,4829881,919,https://m.weibo.cn/api/container/getIndex?containerid=231522type%3D1%26q%3D%23为什么很多女生的理想型是徐志胜%23%26t%3D10&title=%E7%83%AD%E9%97%A8-%23为什么很多女生的理想型是徐志胜%23,https://s.weibo.com/weibo?q=%23为什么很多女生的理想型是徐志胜%23,2023-06-08 15:24
高考那天的事你还记得吗,今日是高考的第一天，高考那天的事情你还记得吗？,2506480,277,https://m.weibo.cn/api/container/getIndex?containerid=231522type%3D1%26q%3D%23高考那天的事你还记得吗%23%26t%3D10&title=%E7%83%AD%E9%97%A8-%23高考那天的事你还记得吗%23,https://s.weibo.com/weibo?q=%23高考那天的事你还记得吗%23,2023-06-08 15:24
一样的孩子鲍蕾为什么生两次,网友提问：鲍蕾为什么要生两个一摸一样的孩子！,157702148,4032,https://m.weibo.cn/api/container/getIndex?containerid=231522type%3D1%26q%3D%23一样的孩子鲍蕾为什么生两次%23%26t%3D10&title=%E7%83%AD%E9%97%A8-%23一样的孩子鲍蕾为什么生两次%23,https://s.weibo.com/weibo?q=%23一样的孩子鲍蕾为什么生两次%23,2023-06-08 15:24
谁没有奇怪的饮食习惯呢,谁还没有点奇怪的饮食习惯呢？,1351032,1087,https://m.weibo.cn/api/container/getIndex?containerid=231522type%3D1%26q%3D%23谁没有奇怪的饮食习惯呢%23%26t%3D10&title=%E7%83%AD%E9%97%A8-%23谁没有奇怪的饮食习惯呢%23,https://s.weibo.com/weibo?q=%23谁没有奇怪的饮食习惯呢%23,2023-06-08 15:24
美国为何偷偷换防长发言标题,在美国五角大楼官网发布的奥斯汀讲话全文中，原标题“美国在印太地区的领导力”被悄悄更换为“印太地区的共同愿景”。换汤不换药，美防长的讲话重点何在，大家都看得清楚：所谓“共同愿景”，不过是“美式霸权”披着的一件虚假外衣。,2105853,121,https://m.weibo.cn/api/container/getIndex?containerid=231522type%3D1%26q%3D%23美国为何偷偷换防长发言标题%23%26t%3D10&title=%E7%83%AD%E9%97%A8-%23美国为何偷偷换防长发言标题%23,https://s.weibo.com/weibo?q=%23美国为何偷偷换防长发言标题%23,2023-06-08 15:24
高考前你是怎么保存准考证的,,1392766,129,https://m.weibo.cn/api/container/getIndex?containerid=231522type%3D1%26q%3D%23高考前你是怎么保存准考证的%23%26t%3D10&title=%E7%83%AD%E9%97%A8-%23高考前你是怎么保存准考证的%23,https://s.weibo.com/weibo?q=%23高考前你是怎么保存准考证的%23,2023-06-08 15:24
人体最硬的部位是什么,你知道#人体最硬的部位是什么#吗？带话题说说你的理解和观点～,75742416,3511,https://m.weibo.cn/api/container/getIndex?containerid=231522type%3D1%26q%3D%23人体最硬的部位是什么%23%26t%3D10&title=%E7%83%AD%E9%97%A8-%23人体最硬的部位是什么%23,https://s.weibo.com/weibo?q=%23人体最硬的部位是什么%23,2023-06-08 15:24
高校指鼠为鸭风波影响你吃鸭脖吗,高校指鼠为鸭风波影响你吃鸭脖吗？,3343692,87,https://m.weibo.cn/api/container/getIndex?containerid=231522type%3D1%26q%3D%23高校指鼠为鸭风波影响你吃鸭脖吗%23%26t%3D10&title=%E7%83%AD%E9%97%A8-%23高校指鼠为鸭风波影响你吃鸭脖吗%23,https://s.weibo.com/weibo?q=%23高校指鼠为鸭风波影响你吃鸭脖吗%23,2023-06-08 15:24
老狼回应2007年后为何不出专辑,30年前的“校园民谣”让《同桌的你》、《睡在我上铺的兄弟》风靡一时，也让老狼从一个工程师变成了一个青春年代的代言人；而30年来，他只出了三张专辑，为何从2007年后，老狼不再出专辑了？,14715023,3737,https://m.weibo.cn/api/container/getIndex?containerid=231522type%3D1%26q%3D%23老狼回应2007年后为何不出专辑%23%26t%3D10&title=%E7%83%AD%E9%97%A8-%23老狼回应2007年后为何不出专辑%23,https://s.weibo.com/weibo?q=%23老狼回应2007年后为何不出专辑%23,2023-06-08 15:24
哪个省份作文题目最难,2023高考第一场语文科目正在进行中，大家期盼的各省市作文题目也即将揭晓。哪个省份作文题目最难呢？,74080450,4372,https://m.weibo.cn/api/container/getIndex?containerid=231522type%3D1%26q%3D%23哪个省份作文题目最难%23%26t%3D10&title=%E7%83%AD%E9%97%A8-%23哪个省份作文题目最难%23,https://s.weibo.com/weibo?q=%23哪个省份作文题目最难%23,2023-06-08 15:24
你高考时哪一科表现最好,今天是2023高考第一天，你还记得自己高考时，哪一科发挥得最好吗？  ​​​,380428,61,https://m.weibo.cn/api/container/getIndex?containerid=231522type%3D1%26q%3D%23你高考时哪一科表现最好%23%26t%3D10&title=%E7%83%AD%E9%97%A8-%23你高考时哪一科表现最好%23,https://s.weibo.com/weibo?q=%23你高考时哪一科表现最好%23,2023-06-08 15:24
